Pressure,Density,Temperature,k1,O2,H2O,OH,H,NH3,NH2,Ar
0.76851821287772,4.83E+18,1167,177649000000,2.50E-03,0,0,4.13821642871922E-07,1.50E-04,4.13821642871922E-07,0.997349072356714
0.774653565456995,4.82E+18,1179,184273200000,2.50E-03,0,0,4.14765657403567E-07,1.50E-04,4.14765657403567E-07,0.997349070468685
0.780030634404145,4.87E+18,1175,154163200000,2.50E-03,0,0,4.10509031198686E-07,1.50E-04,4.10509031198686E-07,0.997349078981938
0.684458282279793,4.60E+18,1092,110804800000,2.50E-03,0,0,4.34782608695652E-07,1.50E-04,4.34782608695652E-07,0.997349030434783
0.727677042825561,4.73E+18,1130,164400600000,2.50E-03,0,0,4.23190859077444E-07,1.50E-04,4.23190859077444E-07,0.997349053618282
0.607195925007254,4.39E+18,1016,68048600000,6.21E-03,0,0,4.55996352029184E-07,3.00E-04,4.55996352029184E-07,0.993486088007296
0.656285013574439,4.51E+18,1067,70457400000,6.21E-03,0,0,4.43066016836509E-07,3.00E-04,4.43066016836509E-07,0.993486113867966
0.598284150633161,4.34E+18,1011,66242000000,6.21E-03,0,0,4.60511167395809E-07,3.00E-04,4.60511167395809E-07,0.993486078977665
