Pressure,Density,Temperature,k1,O2,H2O,OH,H,NH3,NH2,Ar
0.415,2.01E+018,1515,642000000000,0.00124,0.00126,9.95E-07,9.95E-07,0,0,0.997
