2 OH <=> H2O2,H2O2 + OH <=> H2O + HO2,2 HO2 <=> H2O2 + O2,HO2 + OH <=> H2O + O2,2 OH <=> H2O + O,CH3 + HO2 <=> CH4 + O2,CH3 + HO2 <=> CH3O + OH
1.098612289,3,4,2,3,1,0.262
3,0.03,0.03,0.03,0.03,0.1,1
12552,0.1,0.1,0.1,0.1,1,
,0.18,0.18,0.18,0.18,,
,0.18,0.18,0.18,0.18,,
,1,1,1,1,,
,0.1,0.405465108,0.405465108,3,,
,0.262,,2,0.03,,
,,,0.03,0.1,,
,,,0.1,0.18,,
,,,0.18,,,
,,,0.405465108,,,
,,,0.693147181,,,
