Pressure,Density,Temperature,k1,H2,O,He
0.01421052631579,2.23E+18,2024,5.18E+12,1.80E-04,8.97666068222621E-07,0.999819102333932
0.013868421052632,2.18E+18,2043,5.38E+12,1.80E-04,9.16170407695832E-07,0.999819083829592
0.013973684210526,2.23E+18,2117,6.03E+12,1.80E-04,8.95656068069861E-07,0.999819104343932
0.01371052631579,2.33E+18,2495,1.30E+13,1.80E-04,8.58000858000858E-07,0.999819141999142
