Pressure,Density,Temperature,k1,H2O,H,Ar
0.0143815847,2.00E+18,1403,48786300000,1.00E-02,1.00E-06,0.989998998998999
